{"cameraMode":{"drawMode":0,"name":"Shaded","section":"Shading Mode"},"sceneLighting":false,"audioPlay":false,"sceneViewState":{"showFog":true,"showMaterialUpdate":false,"showSkybox":false,"showFlares":true,"showImageEffects":true,"showParticleSystems":true},"in2DMode":false,"pivot":{"x":-69.78684997558594,"y":1.6987652778625489,"z":-67.60541534423828},"rotation":{"x":0.2638190686702728,"y":0.015922630205750467,"z":-0.0043562413193285469,"w":0.9644309282302856},"size":1.4342634677886963,"orthographic":false}