{"cameraMode":{"drawMode":0,"name":"Shaded","section":"Shading Mode"},"sceneLighting":false,"audioPlay":false,"sceneViewState":{"showFog":true,"showMaterialUpdate":false,"showSkybox":false,"showFlares":true,"showImageEffects":true,"showParticleSystems":true},"in2DMode":false,"pivot":{"x":-88.54647064208985,"y":1.0870037078857422,"z":57.754119873046878},"rotation":{"x":-0.16447603702545167,"y":0.18120171129703523,"z":-0.030757280066609384,"w":-0.9691066145896912},"size":4.277986526489258,"orthographic":false}