{"cameraMode":{"drawMode":0,"name":"Shaded","section":"Shading Mode"},"sceneLighting":false,"audioPlay":false,"sceneViewState":{"showFog":true,"showMaterialUpdate":false,"showSkybox":false,"showFlares":true,"showImageEffects":true,"showParticleSystems":true},"in2DMode":false,"pivot":{"x":-93.32942962646485,"y":-10.89693546295166,"z":-48.96038055419922},"rotation":{"x":-0.03139175847172737,"y":-0.967017650604248,"z":0.20471523702144624,"w":-0.14826732873916627},"size":35.829498291015628,"orthographic":false}