{"cameraMode":{"drawMode":0,"name":"Shaded","section":"Shading Mode"},"sceneLighting":false,"audioPlay":false,"sceneViewState":{"showFog":true,"showMaterialUpdate":false,"showSkybox":false,"showFlares":true,"showImageEffects":true,"showParticleSystems":true},"in2DMode":false,"pivot":{"x":-84.46134185791016,"y":3.3344528675079347,"z":59.684852600097659},"rotation":{"x":0.005517933052033186,"y":0.6098514199256897,"z":-0.004243452101945877,"w":0.7924852967262268},"size":2.839961051940918,"orthographic":false}