{"cameraMode":{"drawMode":0,"name":"Shaded","section":"Shading Mode"},"sceneLighting":false,"audioPlay":false,"sceneViewState":{"showFog":true,"showMaterialUpdate":false,"showSkybox":false,"showFlares":true,"showImageEffects":true,"showParticleSystems":true},"in2DMode":false,"pivot":{"x":-73.72014617919922,"y":0.7479932308197022,"z":13.057352066040039},"rotation":{"x":-0.22194810211658479,"y":0.10394954681396485,"z":-0.02380821853876114,"w":-0.9692093133926392},"size":6.297941207885742,"orthographic":false}