{"cameraMode":{"drawMode":0,"name":"Shaded","section":"Shading Mode"},"sceneLighting":false,"audioPlay":false,"sceneViewState":{"showFog":true,"showMaterialUpdate":false,"showSkybox":false,"showFlares":true,"showImageEffects":true,"showParticleSystems":true},"in2DMode":false,"pivot":{"x":-91.01756286621094,"y":4.333652496337891,"z":64.55308532714844},"rotation":{"x":-0.018101416528224946,"y":-0.04163685068488121,"z":0.0007507189875468612,"w":-0.9989685416221619},"size":3.664996862411499,"orthographic":false}