{"cameraMode":{"drawMode":0,"name":"Shaded","section":"Shading Mode"},"sceneLighting":false,"audioPlay":false,"sceneViewState":{"showFog":true,"showMaterialUpdate":false,"showSkybox":false,"showFlares":true,"showImageEffects":true,"showParticleSystems":true},"in2DMode":false,"pivot":{"x":-0.037435125559568408,"y":-0.029094375669956209,"z":0.2602463364601135},"rotation":{"x":0.012838906608521939,"y":-0.9837356805801392,"z":0.07838869094848633,"w":0.1611040085554123},"size":1.5049409866333008,"orthographic":false}