{"cameraMode":{"drawMode":0,"name":"Shaded","section":"Shading Mode"},"sceneLighting":false,"audioPlay":false,"sceneViewState":{"showFog":true,"showMaterialUpdate":false,"showSkybox":false,"showFlares":true,"showImageEffects":true,"showParticleSystems":true},"in2DMode":false,"pivot":{"x":-91.48902893066406,"y":2.297929525375366,"z":61.88475799560547},"rotation":{"x":-0.06247423589229584,"y":-0.6793717741966248,"z":0.05823666602373123,"w":-0.7288069128990173},"size":4.231551647186279,"orthographic":false}