{"cameraMode":{"drawMode":0,"name":"Shaded","section":"Shading Mode"},"sceneLighting":false,"audioPlay":false,"sceneViewState":{"showFog":true,"showMaterialUpdate":false,"showSkybox":false,"showFlares":true,"showImageEffects":true,"showParticleSystems":true},"in2DMode":false,"pivot":{"x":-85.792236328125,"y":1.748995304107666,"z":65.15968322753906},"rotation":{"x":0.16302719712257386,"y":0.5454621315002441,"z":-0.10912765562534332,"w":0.8148523569107056},"size":2.2503902912139894,"orthographic":false}