{"cameraMode":{"drawMode":0,"name":"Shaded","section":"Shading Mode"},"sceneLighting":false,"audioPlay":false,"sceneViewState":{"showFog":true,"showMaterialUpdate":false,"showSkybox":false,"showFlares":true,"showImageEffects":true,"showParticleSystems":true},"in2DMode":false,"pivot":{"x":0.1917009800672531,"y":-0.05129136145114899,"z":0.03420151397585869},"rotation":{"x":0.11812031269073487,"y":0.549569308757782,"z":-0.07884871959686279,"w":0.8232885599136353},"size":0.3171941041946411,"orthographic":false}