{"cameraMode":{"drawMode":0,"name":"Shaded","section":"Shading Mode"},"sceneLighting":false,"audioPlay":false,"sceneViewState":{"showFog":true,"showMaterialUpdate":false,"showSkybox":false,"showFlares":true,"showImageEffects":true,"showParticleSystems":true},"in2DMode":false,"pivot":{"x":-83.43055725097656,"y":2.8087849617004396,"z":62.232017517089847},"rotation":{"x":0.01013383362442255,"y":-0.21690621972084046,"z":-0.0022557354532182218,"w":-0.9761372804641724},"size":5.868453025817871,"orthographic":false}