{"cameraMode":{"drawMode":0,"name":"Shaded","section":"Shading Mode"},"sceneLighting":false,"audioPlay":false,"sceneViewState":{"showFog":true,"showMaterialUpdate":false,"showSkybox":false,"showFlares":true,"showImageEffects":true,"showParticleSystems":true},"in2DMode":false,"pivot":{"x":-90.47647857666016,"y":2.395460844039917,"z":57.178932189941409},"rotation":{"x":0.005517933052033186,"y":0.6098514199256897,"z":-0.004243452101945877,"w":0.7924852967262268},"size":7.296731472015381,"orthographic":false}