{"cameraMode":{"drawMode":0,"name":"Shaded","section":"Shading Mode"},"sceneLighting":false,"audioPlay":false,"sceneViewState":{"showFog":true,"showMaterialUpdate":false,"showSkybox":false,"showFlares":true,"showImageEffects":true,"showParticleSystems":true},"in2DMode":false,"pivot":{"x":-89.22798156738281,"y":4.190360069274902,"z":-1.4976918697357178},"rotation":{"x":-0.0004879700136370957,"y":0.527235209941864,"z":0.00030030091875232756,"w":0.849719226360321},"size":15.118741989135743,"orthographic":false}