{"cameraMode":{"drawMode":0,"name":"Shaded","section":"Shading Mode"},"sceneLighting":false,"audioPlay":false,"sceneViewState":{"showFog":true,"showMaterialUpdate":false,"showSkybox":false,"showFlares":true,"showImageEffects":true,"showParticleSystems":true},"in2DMode":false,"pivot":{"x":0.044649671763181689,"y":-0.011234259232878685,"z":-0.10253132879734039},"rotation":{"x":0.09828609228134155,"y":0.1057811975479126,"z":-0.010506860911846161,"w":0.9894644021987915},"size":0.46669048070907595,"orthographic":false}