{"cameraMode":{"drawMode":0,"name":"Shaded","section":"Shading Mode"},"sceneLighting":false,"audioPlay":false,"sceneViewState":{"showFog":true,"showMaterialUpdate":false,"showSkybox":false,"showFlares":true,"showImageEffects":true,"showParticleSystems":true},"in2DMode":false,"pivot":{"x":-0.16355079412460328,"y":1.4084070920944214,"z":-4.396557807922363},"rotation":{"x":-0.04381422698497772,"y":0.6654173731803894,"z":-0.0391787588596344,"w":-0.7441539764404297},"size":0.10158514976501465,"orthographic":false}