{"cameraMode":{"drawMode":0,"name":"Shaded","section":"Shading Mode"},"sceneLighting":false,"audioPlay":false,"sceneViewState":{"showFog":true,"showMaterialUpdate":false,"showSkybox":false,"showFlares":true,"showImageEffects":true,"showParticleSystems":true},"in2DMode":false,"pivot":{"x":-87.80766296386719,"y":1.2429635524749756,"z":52.2250862121582},"rotation":{"x":0.028426360338926317,"y":0.962417483329773,"z":-0.11113018542528153,"w":0.24615992605686189},"size":4.127117156982422,"orthographic":false}