{"cameraMode":{"drawMode":0,"name":"Shaded","section":"Shading Mode"},"sceneLighting":false,"audioPlay":false,"sceneViewState":{"showFog":true,"showMaterialUpdate":false,"showSkybox":false,"showFlares":true,"showImageEffects":true,"showParticleSystems":true},"in2DMode":false,"pivot":{"x":0.8463062047958374,"y":0.6309580206871033,"z":-0.07688317447900772},"rotation":{"x":-0.13010522723197938,"y":-0.02170824073255062,"z":0.00284820725210011,"w":-0.9912585020065308},"size":0.6857364773750305,"orthographic":false}