{"cameraMode":{"drawMode":0,"name":"Shaded","section":"Shading Mode"},"sceneLighting":false,"audioPlay":false,"sceneViewState":{"showFog":true,"showMaterialUpdate":false,"showSkybox":false,"showFlares":true,"showImageEffects":true,"showParticleSystems":true},"in2DMode":false,"pivot":{"x":-91.92839813232422,"y":2.453111410140991,"z":62.808963775634769},"rotation":{"x":0.08486739546060562,"y":-0.22893652319908143,"z":0.020040040835738183,"w":0.9695277810096741},"size":6.6315531730651859,"orthographic":false}