{"cameraMode":{"drawMode":0,"name":"Shaded","section":"Shading Mode"},"sceneLighting":false,"audioPlay":false,"sceneViewState":{"showFog":true,"showMaterialUpdate":false,"showSkybox":false,"showFlares":true,"showImageEffects":true,"showParticleSystems":true},"in2DMode":false,"pivot":{"x":-89.63623046875,"y":1.3979092836380005,"z":-93.3995590209961},"rotation":{"x":-0.16447603702545167,"y":0.18120171129703523,"z":-0.030757280066609384,"w":-0.9691066145896912},"size":9.650063514709473,"orthographic":false}