{"cameraMode":{"drawMode":0,"name":"Shaded","section":"Shading Mode"},"sceneLighting":false,"audioPlay":false,"sceneViewState":{"showFog":true,"showMaterialUpdate":false,"showSkybox":false,"showFlares":true,"showImageEffects":true,"showParticleSystems":true},"in2DMode":false,"pivot":{"x":-82.41780090332031,"y":4.582027912139893,"z":89.1805191040039},"rotation":{"x":0.005465909373015165,"y":-0.8435016870498657,"z":-0.008580445311963559,"w":-0.5370302796363831},"size":23.738353729248048,"orthographic":false}