{"cameraMode":{"drawMode":0,"name":"Shaded","section":"Shading Mode"},"sceneLighting":false,"audioPlay":false,"sceneViewState":{"showFog":true,"showMaterialUpdate":false,"showSkybox":false,"showFlares":true,"showImageEffects":true,"showParticleSystems":true},"in2DMode":false,"pivot":{"x":-84.13803100585938,"y":1.3859440088272095,"z":57.12044143676758},"rotation":{"x":-0.13517959415912629,"y":-0.38261914253234866,"z":0.0566963292658329,"w":-0.9122031331062317},"size":2.8385238647460939,"orthographic":false}