{"cameraMode":{"drawMode":0,"name":"Shaded","section":"Shading Mode"},"sceneLighting":false,"audioPlay":false,"sceneViewState":{"showFog":true,"showMaterialUpdate":false,"showSkybox":false,"showFlares":true,"showImageEffects":true,"showParticleSystems":true},"in2DMode":false,"pivot":{"x":-89.99739837646485,"y":0.5617982745170593,"z":-86.3779525756836},"rotation":{"x":-0.1744217872619629,"y":-0.8242759108543396,"z":0.40553978085517886,"w":-0.3545190691947937},"size":2.495607852935791,"orthographic":false}