{"cameraMode":{"drawMode":0,"name":"Shaded","section":"Shading Mode"},"sceneLighting":false,"audioPlay":false,"sceneViewState":{"showFog":true,"showMaterialUpdate":false,"showSkybox":false,"showFlares":true,"showImageEffects":true,"showParticleSystems":true},"in2DMode":false,"pivot":{"x":-79.61714172363281,"y":5.969895839691162,"z":12.658092498779297},"rotation":{"x":-0.0001174487842945382,"y":-0.028151122853159906,"z":-6.388376618815528e-7,"w":-0.9996036887168884},"size":1.9990179538726807,"orthographic":false}